{
  "fx": 799.9311064253224,
  "fy": 799.8900858421921,
  "cx": 959.4777616007235,
  "cy": 539.4499128970892,
  "camera_model": "radial-tangential",
  "D_openCV": [0, 0, 0, 0, 0],
  "k1": 0,
  "k2": 0,
  "p1": 0,
  "p2": 0,
  "k3": 0,
  "width": 1920,
  "height": 1080,
  "fps": 24,
  "extrinsics":[1.0, 0.0, 0.0, 0.0, 0.0, 1.0, 0.0, 0.0, 0.0, 0.0, 1.0, 0.0, 0.0, 0.0, 0.0, 1.0]
}
